{
	"format_version" : "1.8.0",
	"animations" : {
		"animation.llama.baby_transform" : {
			"bones" : {
				"body" : {
					"position" : [ 0.0, -5.50, -5.0 ],
					"scale" : [ 1.200000047683716, 1.0, 1.0 ]
				},
				"head" : {
					"position" : [ 0.0, 2.0, 0.0 ],
					"scale" : [ 1.299999952316284, 1.200000047683716, 1.200000047683716 ]
				},
				"leg0" : {
					"position" : [ 0.0, -1.0, 0.0 ],
					"scale" : [ 0.9100000262260437, 0.5600000023841858, 0.9100000262260437 ]
				},
				"leg1" : {
					"position" : [ 0.0, -1.0, 0.0 ],
					"scale" : [ 0.9100000262260437, 0.5600000023841858, 0.9100000262260437 ]
				},
				"leg2" : {
					"position" : [ 0.0, -1.0, 0.0 ],
					"scale" : [ 0.9100000262260437, 0.5600000023841858, 0.9100000262260437 ]
				},
				"leg3" : {
					"position" : [ 0.0, -1.0, 0.0 ],
					"scale" : [ 0.9100000262260437, 0.5600000023841858, 0.9100000262260437 ]
				}
			},
			"loop" : true
		},
		"animation.llama.baby_transform.v1.0" : {
			"bones" : {
				"body" : {
					"position" : [ 0.0, -6.0, 0.0 ],
					"scale" : [ 0.9100000262260437, 0.8299999833106995, 0.8999999761581421 ]
				},
				"head" : {
					"position" : [ 0.0, -4.348000049591064, 1.587000012397766 ],
					"scale" : [ 1.429999947547913, 1.200000047683716, 1.200000047683716 ]
				},
				"leg0" : {
					"position" : [ 0.0, -6.360000133514404, 0.0 ],
					"scale" : [ 0.9100000262260437, 0.5600000023841858, 0.9100000262260437 ]
				},
				"leg1" : {
					"position" : [ 0.0, -6.360000133514404, 0.0 ],
					"scale" : [ 0.9100000262260437, 0.5600000023841858, 0.9100000262260437 ]
				},
				"leg2" : {
					"position" : [ 0.0, -6.360000133514404, 0.0 ],
					"scale" : [ 0.9100000262260437, 0.5600000023841858, 0.9100000262260437 ]
				},
				"leg3" : {
					"position" : [ 0.0, -6.360000133514404, 0.0 ],
					"scale" : [ 0.9100000262260437, 0.5600000023841858, 0.9100000262260437 ]
				}
			},
			"loop" : true
		},
		"animation.llama.setup" : {
			"bones" : {
				"body" : {
					"rotation" : [ "-this", 0.0, 0.0 ]
				}
			},
			"loop" : true
		},
		"animation.llama.setup.v1.0" : {
			"bones" : {
				"body" : {
					"rotation" : [ "90 - this", 0.0, 0.0 ]
				}
			},
			"loop" : true
		}
	}
}
